Pot ID,Rep,Ovary present,Stamen present,Anthers present,# of tepals,Size,Notes
VA.20.4,1,1,0,0,5,3,
VA.20.4,2,1,0,0,5,< 3,
VA.20.4,3,1,0,0,5,3,
VA.20.4,4,1,0,0,5,< 3,
VA.20.4,5,1,0,0,5,> 3,
PA.26.1,1,4a,1,1,5,4,
PA.26.1,2,4a,0,1,5,> 3,
PA.26.1,3,4a,1,1,5,4,
PA.26.1,4,4a,0,1,5,3,
PA.26.1,5,4a,1,1,5,3,
NJ.31.1,1,1,0,0,5,< 3,
NJ.31.1,2,1,0,0,5,3,
NJ.31.1,3,1,0,0,5,3,
NJ.31.1,4,1,0,0,5,3,
NJ.31.1,5,1,0,0,5,< 3,
NJ.29.4,1,4b,1,1,5,3.5,
NJ.29.4,2,4b,1,1,5,4,
NJ.29.4,3,4b,1,1,5,4,
NJ.29.4,4,4b,1,1,5,> 3,
NJ.29.4,5,4b,1,1,5,> 3,
PA.26.3,1,4a,0,1,5,3,
PA.26.3,2,1,1,1,5,3,
PA.26.3,3,4a,1,1,6,4,
PA.26.3,4,4a,0,1,6,3,
PA.26.3,5,4a,0,1,5,3,
PA.27.3,1,4b,1,1,5,4,
PA.27.3,2,4b,1,1,5,> 3,
PA.27.3,3,4b,1,1,5,4,
PA.27.3,4,4b,1,1,5,3,
PA.27.3,5,4b,1,1,5,> 3,
NJ.29.2,1,4b,1,1,5,3,
NJ.29.2,2,4b,1,1,5,3,
NJ.29.2,3,4b,1,1,5,3.5,
NJ.29.2,4,4b,1,1,5,> 3,
NJ.29.2,5,4b,1,1,5,> 3,
NJ.29.2,6,4b,1,1,5,3,
NJ.29.2,7,4b,1,1,5,3,
NJ.29.2,8,4b,1,1,5,3,
NJ.29.2,9,4b,1,1,5,3,
PA.25.4,1,4a,0,1,6,4,
PA.25.4,2,4a,0,1,5,3,
PA.25.4,3,4a,0,1,5,3,
PA.25.4,4,4a,0,0,6,3,
PA.25.4,5,4a,0,1,8,7,
VA.12.2,1,1,0,0,5,< 3,
VA.12.2,2,1,0,0,5,3,
VA.12.2,3,1,0,0,5,< 3,
VA.12.2,4,1,0,0,5,< 3,missing one segment of stigma
VA.12.2,5,1,0,0,5,>3,
PA.25.1,1,3,1,0,5,> 3,tepals deformed/curly
PA.25.1,2,1,0,0,5,4,
PA.25.1,3,1,0,0,6,4,
PA.25.1,4,1,0,0,5,3,
PA.25.1,5,1,0,0,5,4,
PA.25.2,1,1,0,0,5,3,"tepals deformed; 2 fused together, but counted as 1"
PA.25.2,2,1,0,0,6,3,"stamen structures obvious, but not fully developed"
PA.25.2,3,1,0,1,5,3,"stamen structures obvious, but not fully developed"
PA.25.2,4,1,0,0,5,3,"stamen structures obvious, but not fully developed"
PA.25.2,5,1,0,1,6,4,"stamen structures obvious, but not fully developed"
VA.15.5,1,1,0,0,5,3,"stamen structures obvious, but not fully developed"
VA.15.5,2,1,0,0,5,3,"stamen structures obvious, but not fully developed"
VA.15.5,3,1,0,0,5,< 3,"stamen structures obvious, but not fully developed"
VA.15.5,4,1,0,0,5,< 3,"stamen structures obvious, but not fully developed"
VA.15.5,5,1,0,0,5,3,"stamen structures obvious, but not fully developed"
PA.24.4,1,4a,1,1,5,> 4,
PA.24.4,2,4a,1,1,5,> 4,
PA.24.4,3,4a,1,1,5,4,
PA.24.4,4,4a,1,1,5,4,
PA.24.4,5,4a,1,1,5,4,
VA.15.4,1,1,0,0,5,3,"stamen structures obvious, but not fully developed"
VA.15.4,2,1,0,0,5,3,"stamen structures obvious, but not fully developed"
VA.15.4,3,1,0,0,5,3,"stamen structures obvious, but not fully developed"
VA.15.4,4,1,0,0,5,3,"stamen structures obvious, but not fully developed"
VA.15.4,5,1,0,0,5,3,"stamen structures obvious, but not fully developed"
PA.23.1,1,4b,1,1,5,3,
PA.23.1,2,4a,1,1,5,3,
PA.23.1,3,4a,1,1,5,4,
PA.23.1,4,4b,1,1,5,4,
PA.23.1,5,4c,1,1,5,> 3,
PA.24.5,1,4c,1,1,5,4,
PA.24.5,2,4b,1,0,5,4,
PA.24.5,3,4c,1,0,5,4,
PA.24.5,4,4c,1,1,5,4,
PA.24.5,5,4b,1,0,5,4,
VA.15.3,1,1,0,0,5,< 3,"stamen structures obvious, but not fully developed"
VA.15.3,2,1,0,0,5,< 3,"stamen structures obvious, but not fully developed"
VA.15.3,3,1,0,0,5,< 3,"stamen structures obvious, but not fully developed"
VA.15.3,4,1,0,0,5,< 3,"stamen structures obvious, but not fully developed"
VA.15.3,5,1,0,0,5,< 3,"stamen structures obvious, but not fully developed"
VA.15.3,6,1,0,0,5,3,"stamen structures obvious, but not fully developed"
VA.15.3,7,1,0,0,5,3,"stamen structures obvious, but not fully developed"
VA.15.3,8,1,0,0,5,< 3,"stamen structures obvious, but not fully developed"
VA.15.3,9,1,0,0,5,< 3,"stamen structures obvious, but not fully developed"
VA.15.3,10,1,0,0,5,> 3,"stamen structures obvious, but not fully developed"
PA.27.1,1,4b,1,1,5,4,
PA.27.1,2,4b,1,1,5,4,
PA.27.1,3,4b,1,1,5,4,
PA.27.1,4,4b,1,1,5,4,
PA.27.1,5,4c,1,1,5,4,
NJ.31.4,1,1,0,0,5,3,"stamen structures obvious, but not fully developed"
NJ.31.4,2,1,0,0,5,< 3,"stamen structures obvious, but not fully developed"
NJ.31.4,3,1,0,0,5,< 3,"stamen structures obvious, but not fully developed"
NJ.31.4,4,1,0,0,5,<3,"stamen structures obvious, but not fully developed"
NJ.31.4,5,1,0,0,5,3,"stamen structures obvious, but not fully developed"
ME.45.4,1,1,0,0,5,3,"stamen structures obvious, but not fully developed"
ME.45.4,2,1,0,0,5,3,"stamen structures obvious, but not fully developed"
ME.45.4,3,1,0,0,5,< 3,"stamen structures obvious, but not fully developed"
ME.45.4,4,1,0,0,5,3,"stamen structures obvious, but not fully developed"
ME.45.4,5,1,0,0,5,3,"stamen structures obvious, but not fully developed"
ME.45.2,1,1,0,0,5,3,"stamen structures obvious, but not fully developed"
ME.45.2,2,1,0,0,5,< 3,"stamen structures obvious, but not fully developed"
ME.45.2,3,1,0,0,5,< 3,"stamen structures obvious, but not fully developed"
ME.45.2,4,1,0,0,5,< 3,"stamen structures obvious, but not fully developed"
ME.45.2,5,1,0,0,5,< 3,"stamen structures obvious, but not fully developed"
ME.45.2,6,1,0,0,5,3,"stamen structures obvious, but not fully developed"
NC.9.5,1,1,0,0,5,< 3,"stamen structures obvious, but not fully developed"
NC.9.5,2,1,0,0,5,< 3,"stamen structures obvious, but not fully developed"
NC.9.5,3,1,0,0,5,< 3,
NC.9.5,4,1,0,0,5,< 3,"stamen structures obvious, but not fully developed"
NC.9.5,5,1,0,0,5,< 3,"stamen structures obvious, but not fully developed"
NC.9.5,6,1,0,0,5,< 3,"stamen structures obvious, but not fully developed"
NC.9.5,7,1,0,0,5,< 3,"stamen structures obvious, but not fully developed"
NC.9.5,8,1,0,0,5,< 3,"stamen structures obvious, but not fully developed"
VA.10.3,1,1,0,0,5,3,"stamen structures obvious, but not fully developed"
VA.10.3,2,1,0,0,5,3,"stamen structures obvious, but not fully developed"
VA.10.3,3,1,0,0,5,3,"stamen structures obvious, but not fully developed"
VA.10.3,4,1,0,0,5,3,"stamen structures obvious, but not fully developed; ovary broke off during observation"
VA.10.3,5,1,0,0,5,3,"stamen structures obvious, but not fully developed"
VA.15.2,1,1,0,0,5,3,"stamen structures obvious, but not fully developed"
VA.15.2,2,1,0,0,5,< 3,"stamen structures obvious, but not fully developed"
VA.15.2,3,2,0,0,5,< 3,"stamen structures obvious, but not fully developed; ovary floating in ethanol, broken"
VA.15.2,4,1,0,0,5,3,"stamen structures obvious, but not fully developed"
VA.15.2,5,1,0,0,5,3,"stamen structures obvious, but not fully developed"
MA.36.5,1,1,0,0,5,3,"stamen structures obvious, but not fully developed"
MA.36.5,2,1,0,0,5,< 3,"stamen structures obvious, but not fully developed"
MA.36.5,3,1,0,0,5,< 3,"stamen structures obvious, but not fully developed"
MA.36.5,4,1,0,0,5,< 3,"stamen structures obvious, but not fully developed"
MA.36.5,5,1,0,0,5,< 3,"stamen structures obvious, but not fully developed"
MA.36.4,1,4b,1,1,5,> 3,
MA.36.4,2,4b,1,1,5,> 3,
MA.36.4,3,4b,1,1,5,> 3,
MA.36.4,4,4b,1,1,4,3,
MA.36.4,5,4b,1,0,5,3,
MA.36.4,6,4b,1,1,5,< 3,
NY.35.5,1,4b,1,1,5,4,
NY.35.5,2,4b,1,1,5,4,
NY.35.5,3,4b,1,1,5,> 3,
NY.35.5,4,4b,1,1,5,4,
NY.35.5,5,4b,1,1,5,4,
NY.35.2,1,4b,1,1,5,4,
NY.35.2,2,4b,1,1,5,>3,
NY.35.2,3,4b,1,1,5,4,
NY.35.2,4,4b,1,1,5,3,
NY.35.2,5,4b,1,1,5,4,
ME.45.3,1,1,0,0,5,3,"stamen structures obvious, but not fully developed"
ME.45.3,2,2,0,0,5,3,broken ovary floating in ethanol
ME.45.3,3,1,0,0,5,< 3,"stamen structures obvious, but not fully developed"
ME.45.3,4,1,0,0,5,< 3,"stamen structures obvious, but not fully developed"
ME.45.3,5,1,0,0,5,3,"stamen structures obvious, but not fully developed"
NJ.31.3,1,1,0,0,5,< 3,"stamen structures obvious, but not fully developed"
NJ.31.3,2,1,0,0,5,< 3,"stamen structures obvious, but not fully developed"
NJ.31.3,3,1,0,0,5,< 3,"stamen structures obvious, but not fully developed"
NJ.31.3,4,1,0,0,5,3,"stamen structures obvious, but not fully developed"
NJ.31.3,5,1,0,0,5,< 3,"stamen structures obvious, but not fully developed"
NJ.31.3,6,1,0,0,5,< 3,"stamen structures obvious, but not fully developed"
NY.35.3,1,4b,1,1,5,4,
NY.35.3,2,4b,1,1,5,4,
NY.35.3,3,4b,1,1,5,4,
NY.35.3,4,4b,1,1,5,4,
NY.35.3,5,4b,1,1,5,4,
NY.34.4,1,1,0,0,5,< 3,"stamen structures obvious, but not fully developed"
NY.34.4,2,1,0,0,5,< 3,"stamen structures obvious, but not fully developed"
NY.34.4,3,1,0,0,5,3,"stamen structures obvious, but not fully developed"
NY.34.4,4,1,0,0,5,< 3,"stamen structures obvious, but not fully developed"
NY.34.4,5,2,0,0,5,< 3,broken ovary floating in ethanol
NY.33.2,1,1,0,0,5,> 3,"stamen structures obvious, but not fully developed"
NY.33.2,2,1,0,0,5,3,"stamen structures obvious, but not fully developed"
NY.33.2,3,1,0,0,5,3,"stamen structures obvious, but not fully developed"
NY.33.2,4,1,0,0,5,> 3,"stamen structures obvious, but not fully developed"
NY.33.2,5,1,0,0,5,3,"stamen structures obvious, but not fully developed"
PA.25.5,1,4a,0,0,8,> 3,"one flower in the sample is closed and not measureable; stamen structures obvious, but not fully developed"
PA.25.5,2,4a,0,0,6,4,"stamen structures obvious, but not fully developed"
PA.25.5,3,4a,0,0,5,4,"stamen structures obvious, but not fully developed"
PA.25.5,4,4a,0,0,7,> 4,"stamen structures obvious, but not fully developed"
NY.33.4,1,1,0,0,5,< 3,"stamen structures obvious, but not fully developed"
NY.33.4,2,1,0,0,5,< 3,"stamen structures obvious, but not fully developed"
NY.33.4,3,1,0,0,5,< 3,"stamen structures obvious, but not fully developed"
NY.33.4,4,1,0,0,5,3,"stamen structures obvious, but not fully developed"
NY.33.4,5,1,0,0,5,< 3,"stamen structures obvious, but not fully developed"
PA.23.3,1,4b,1,0,5,4,
PA.23.3,2,4b,1,1,5,4,
PA.23.3,3,4b,1,1,5,4,
PA.23.3,4,4b,1,1,5,4,
PA.23.3,5,4b,1,1,5,4,
PA.26.5,1,4b,0,1,5,3,"stamen structures obvious, but not fully developed"
PA.26.5,2,4a,0,0,5,< 3,"stamen structures obvious, but not fully developed"
PA.26.5,3,1,0,0,5,3,"stamen structures obvious, but not fully developed"
PA.26.5,4,1,0,0,6,> 3,"stamen structures obvious, but not fully developed"
PA.26.5,5,4a,0,0,7,3,"stamen structures obvious, but not fully developed"
ME.50.3,1,1,0,0,5,< 3,"stamen structures obvious, but not fully developed"
ME.50.3,2,1,0,0,5,3,"stamen structures obvious, but not fully developed"
ME.50.3,3,1,0,0,5,3,"stamen structures obvious, but not fully developed"
ME.50.3,4,1,0,0,5,3,"stamen structures obvious, but not fully developed"
ME.50.3,5,1,0,0,5,3,"stamen structures obvious, but not fully developed"
NH.44.3,1,1,0,0,5,3,"stamen structures obvious, but not fully developed"
NH.44.3,2,1,0,0,5,< 3,"stamen structures obvious, but not fully developed"
NH.44.3,3,1,0,0,5,< 3,"stamen structures obvious, but not fully developed"
NH.44.3,4,1,0,0,5,3,"stamen structures obvious, but not fully developed"
NH.44.3,5,1,0,0,5,3,"stamen structures obvious, but not fully developed"
ME.48.3,1,4a,0,0,5,> 3,"stamen structures obvious, but not fully developed"
ME.48.3,2,4a,0,0,5,3,"stamen structures obvious, but not fully developed"
ME.48.3,3,4a,0,0,5,< 3,"stamen structures obvious, but not fully developed"
ME.48.3,4,4a,0,0,5,3,"stamen structures obvious, but not fully developed"
ME.48.3,5,4a,0,0,5,3,"stamen structures obvious, but not fully developed"
VT.40.1,1,2,0,0,5,3,ovary and stigma structures floating in ethanol
VT.40.1,2,1,0,0,5,< 3,"stamen structures obvious, but not fully developed"
VT.40.1,3,1,0,0,5,< 3,"stamen structures obvious, but not fully developed"
ME.48.1,1,4a,0,0,5,3,"stamen structures obvious, but not fully developed"
ME.48.1,2,4a,0,0,5,< 3,"stamen structures obvious, but not fully developed"
ME.48.1,3,4a,0,0,5,3,"stamen structures obvious, but not fully developed"
ME.48.1,4,4a,0,0,5,3,"stamen structures obvious, but not fully developed"
ME.48.1,5,4a,0,0,5,3,"stamen structures obvious, but not fully developed"
NJ.31.2,1,1,0,0,5,3,"stamen structures obvious, but not fully developed"
NJ.31.2,2,1,0,0,5,3,"stamen structures obvious, but not fully developed"
NJ.31.2,3,4a,0,0,5,3,"stamen structures obvious, but not fully developed"
NJ.31.2,4,1,0,0,5,3,"stamen structures obvious, but not fully developed"
NJ.31.2,5,1,0,0,5,3,"stamen structures obvious, but not fully developed"
ME.48.1,1,4a,0,0,5,3,"stamen structures obvious, but not fully developed"
ME.48.1,2,4a,0,0,5,3,"stamen structures obvious, but not fully developed"
ME.48.1,3,4a,0,0,5,> 3,"stamen structures obvious, but not fully developed"
ME.48.1,4,4a,0,0,5,3,"stamen structures obvious, but not fully developed"
ME.48.1,5,4a,0,0,5,3,"stamen structures obvious, but not fully developed"
ME.48.1,6,4a,0,0,5,3,"stamen structures obvious, but not fully developed"
VT.40.2,1,1,0,0,5,3,"stamen structures obvious, but not fully developed"
VT.40.2,2,1,0,0,5,3,"stamen structures obvious, but not fully developed"
VT.40.2,3,1,0,0,5,3,"stamen structures obvious, but not fully developed"
VT.40.2,4,1,0,0,5,< 3,"stamen structures obvious, but not fully developed"
VT.40.2,5,1,0,0,5,3,"stamen structures obvious, but not fully developed"
ME.48.4,1,4a,0,0,5,3,"stamen structures obvious, but not fully developed"
ME.48.4,2,4a,0,0,5,< 3,"stamen structures obvious, but not fully developed"
ME.48.4,3,4a,0,0,5,3,"stamen structures obvious, but not fully developed"
ME.48.4,4,4a,0,0,5,3,"stamen structures obvious, but not fully developed"
ME.48.4,5,4a,0,0,5,< 3,"stamen structures obvious, but not fully developed"
MD.22.3,1,1,0,0,5,3,"stamen structures obvious, but not fully developed"
MD.22.3,2,1,0,0,5,3,"stamen structures obvious, but not fully developed"
MD.22.3,3,1,0,0,5,< 3,"stamen structures obvious, but not fully developed"
MD.22.3,4,1,0,0,5,< 3,"stamen structures obvious, but not fully developed"
MD.22.3,5,1,0,0,5,< 3,"stamen structures obvious, but not fully developed"
NJ.30.4,1,4a,0,0,5,3,"stamen structures obvious, but not fully developed"
NJ.30.4,2,4a,0,0,5,3,"stamen structures obvious, but not fully developed"
NJ.30.4,3,4a,0,0,5,3,"stamen structures obvious, but not fully developed"
NJ.30.4,4,4a,0,0,5,3,"stamen structures obvious, but not fully developed"
NJ.30.4,5,4a,0,0,5,3,"stamen structures obvious, but not fully developed"
NJ.30.2,1,1,0,0,5,3,"stamen structures obvious, but not fully developed"
NJ.30.2,2,1,0,0,5,3,"stamen structures obvious, but not fully developed"
NJ.30.2,3,1,0,0,5,3,"stamen structures obvious, but not fully developed"
NJ.30.2,4,1,0,0,5,3,"stamen structures obvious, but not fully developed"
NJ.30.2,5,1,0,0,5,3,"stamen structures obvious, but not fully developed"
NJ.30.3,1,4a,0,0,5,3,"stamen structures obvious, but not fully developed"
NJ.30.3,2,4a,0,0,5,3,"stamen structures obvious, but not fully developed"
NJ.30.3,3,4a,0,0,5,3,"stamen structures obvious, but not fully developed"
NJ.30.3,4,4a,0,0,5,3,"stamen structures obvious, but not fully developed"
NJ.30.3,5,4a,0,0,5,3,"stamen structures obvious, but not fully developed"
NJ.30.5,1,4a,0,0,5,3,"stamen structures obvious, but not fully developed"
NJ.30.5,2,4a,0,0,5,3,"stamen structures obvious, but not fully developed"
NJ.30.5,3,4a,0,0,5,3,"stamen structures obvious, but not fully developed"
NJ.30.5,4,4a,0,0,5,3,"stamen structures obvious, but not fully developed"
NJ.30.5,5,4a,0,0,5,3,"stamen structures obvious, but not fully developed"
VA.19.2,1,1,0,0,5,3,"stamen structures obvious, but not fully developed"
VA.19.2,2,1,0,0,5,3,"stamen structures obvious, but not fully developed"
VA.19.2,3,1,0,0,5,3,"stamen structures obvious, but not fully developed"
VA.19.2,4,1,0,0,5,> 3,"stamen structures obvious, but not fully developed"
VA.19.2,5,4a,0,0,5,< 3,"stamen structures obvious, but not fully developed"
MD.21.1,1,4a,0,0,5,3,"stamen structures obvious, but not fully developed"
MD.21.1,2,4a,0,0,5,3,"stamen structures obvious, but not fully developed"
MD.21.1,3,4a,0,0,5,3,"stamen structures obvious, but not fully developed"
MD.21.1,4,4a,0,0,5,< 3,"stamen structures obvious, but not fully developed"
MD.21.1,5,4a,0,0,5,< 3,"stamen structures obvious, but not fully developed"
NY.32.2,1,4c,1,1,5,3,
NY.32.2,2,4b,1,1,5,3,
NY.32.2,3,4b,1,1,5,3,
NY.32.2,4,4b,1,1,5,> 3,
NY.32.2,5,4b,1,1,5,3,
VT.41.1,1,4a,0,0,5,2,"stamen structures obvious, but not fully developed"
VT.41.1,2,4a,0,0,5,2,"stamen structures obvious, but not fully developed"
VT.41.1,3,4a,0,0,5,2,"stamen structures obvious, but not fully developed"
VT.41.1,4,4a,0,0,5,2,"stamen structures obvious, but not fully developed"
VT.41.1,5,4a,0,0,5,2,"stamen structures obvious, but not fully developed"
MA.37.5,1,4a,0,0,5,3,"stamen structures obvious, but not fully developed"
MA.37.5,2,4a,0,0,5,3,"stamen structures obvious, but not fully developed"
MA.37.5,3,4a,0,0,5,< 3,"stamen structures obvious, but not fully developed"
MA.37.5,4,4a,0,0,5,3,"stamen structures obvious, but not fully developed"
MA.37.5,5,4a,0,0,5,3,"stamen structures obvious, but not fully developed"
MA.37.5,6,4a,0,0,5,< 3,"stamen structures obvious, but not fully developed"
VT.41.2,1,4a,0,0,5,2,"stamen structures obvious, but not fully developed"
VT.41.2,2,4a,0,0,5,< 3,"stamen structures obvious, but not fully developed"
VT.41.2,3,4a,0,0,5,2,"stamen structures obvious, but not fully developed"
VT.41.2,4,4a,0,0,5,2,"stamen structures obvious, but not fully developed"
VT.41.2,5,4a,0,0,5,2,"stamen structures obvious, but not fully developed"
MA.38.1,1,1,0,0,5,3,"stamen structures obvious, but not fully developed"
MA.38.1,2,1,0,0,5,3,"stamen structures obvious, but not fully developed"
MA.38.1,3,1,0,0,5,3,"stamen structures obvious, but not fully developed"
MA.38.1,4,1,0,0,5,3,"stamen structures obvious, but not fully developed"
MA.38.1,5,1,0,0,5,3,"stamen structures obvious, but not fully developed"
VA.14.2,1,1,0,0,5,< 3,"stamen structures obvious, but not fully developed"
VA.14.2,2,1,0,0,5,3,"stamen structures obvious, but not fully developed"
VA.14.2,3,1,0,0,5,3,"stamen structures obvious, but not fully developed"
VA.14.2,4,1,0,0,5,< 3,"stamen structures obvious, but not fully developed"
VA.14.2,5,1,0,0,5,3,"stamen structures obvious, but not fully developed"
VA.14.4,1,4a,0,0,5,3,"stamen structures obvious, but not fully developed"
VA.14.4,2,4a,0,0,5,< 3,"stamen structures obvious, but not fully developed"
VA.14.4,3,4a,0,0,5,3,"stamen structures obvious, but not fully developed"
VA.14.4,4,4a,0,0,5,< 3,"stamen structures obvious, but not fully developed"
VA.14.4,5,4a,0,0,5,3,"stamen structures obvious, but not fully developed"
VA.14.4,6,4a,0,0,5,< 3,"stamen structures obvious, but not fully developed"
ME.49.1,1,1,0,0,5,< 3,"stamen structures obvious, but not fully developed"
ME.49.1,2,1,0,0,5,< 3,"stamen structures obvious, but not fully developed"
ME.49.1,3,1,0,0,5,< 3,"stamen structures obvious, but not fully developed"
ME.49.1,4,1,0,0,5,3,"stamen structures obvious, but not fully developed"
ME.49.1,5,1,0,0,5,< 3,"stamen structures obvious, but not fully developed"
ME.50.5,1,4a,0,0,5,3,"stamen structures obvious, but not fully developed"
ME.50.5,2,1,0,0,5,< 3,"stamen structures obvious, but not fully developed"
ME.50.5,3,1,0,0,5,3,"stamen structures obvious, but not fully developed"
ME.50.5,4,1,0,0,5,< 3,"stamen structures obvious, but not fully developed"
ME.50.5,5,1,0,0,5,3,"stamen structures obvious, but not fully developed"
ME.45.1,1,1,0,0,5,3,"stamen structures obvious, but not fully developed"
ME.45.1,2,1,0,0,5,3,"stamen structures obvious, but not fully developed"
ME.45.1,3,1,0,0,5,3,"stamen structures obvious, but not fully developed"
ME.45.1,4,1,0,0,5,3,"stamen structures obvious, but not fully developed"
ME.45.1,5,4a,0,0,5,3,"stamen structures obvious, but not fully developed"
NY.34.1,1,1,0,0,5,> 3,"stamen structures obvious, but not fully developed"
NY.34.1,2,1,0,0,5,> 3,"stamen structures obvious, but not fully developed"
NY.34.1,3,1,0,0,5,3,"stamen structures obvious, but not fully developed"
NY.34.1,4,1,0,0,5,3,"stamen structures obvious, but not fully developed"
NY.34.1,5,1,0,0,5,> 3,"stamen structures obvious, but not fully developed"
ME.50.1,1,2,0,0,5,3,"stamen structures obvious, but not fully developed"
ME.50.1,2,1,0,0,5,3,"stamen structures obvious, but not fully developed"
ME.50.1,3,1,0,0,5,3,"stamen structures obvious, but not fully developed"
ME.50.1,4,1,0,0,5,3,"stamen structures obvious, but not fully developed"
ME.50.1,5,1,0,0,5,3,"stamen structures obvious, but not fully developed"
NH.43.1,1,1,0,0,5,3,"stamen structures obvious, but not fully developed"
NH.43.1,2,4a,0,0,5,3,"stamen structures obvious, but not fully developed"
NH.43.1,3,4a,0,0,5,3,"stamen structures obvious, but not fully developed"
NH.43.1,4,4a,0,0,5,3,"stamen structures obvious, but not fully developed"
NH.43.1,5,4a,0,0, < 3,3,"stamen structures obvious, but not fully developed"
NH.43.1,6,4a,0,0,5,3,"stamen structures obvious, but not fully developed"
MA.38.5,1,1,0,0,5,3,"stamen structures obvious, but not fully developed"
MA.38.5,2,4a,0,0,5,< 3,"stamen structures obvious, but not fully developed"
MA.38.5,3,1,0,0,5,3,"stamen structures obvious, but not fully developed"
MA.38.5,4,1,0,0,5,3,"stamen structures obvious, but not fully developed"
MA.38.5,5,1,0,0,5,3,"stamen structures obvious, but not fully developed"
ME.47.3,1,1,0,0,3,< 3,"2 tepals in ethanol; clearly broken off; stamen strutures obvious, but not fully developed"
ME.47.3,2,1,0,0,5,3,"stamen structures obvious, but not fully developed"
ME.47.3,3,1,0,0,6,< 3,ovary thin/deformed; stamen structures obvious but not fully developed
ME.47.3,4,1,0,0,5,< 3,"stamen structures obvious, but not fully developed"
ME.47.3,5,1,0,0,5,3,"stamen structures obvious, but not fully developed"
ME.47.5,1,1,0,0,5,3,"stamen structures obvious, but not fully developed"
ME.47.5,2,1,0,0,5,3,"stamen structures obvious, but not fully developed"
ME.47.5,3,1,0,0,5,3,"stamen structures obvious, but not fully developed"
ME.47.5,4,1,0,0,5,3,"stamen structures obvious, but not fully developed"
ME.47.5,5,2,0,0,5,3,"ovary floating in ethanol solution; stamen structures obvious, but not fully developed"
MD.22.2,1,1,0,0,5,3,"stamen structures obvious, but not fully developed"
MD.22.2,2,1,0,0,5,3,"stamen structures obvious, but not fully developed"
MD.22.2,3,1,0,0,5,3,"stamen structures obvious, but not fully developed"
MD.22.2,4,1,0,0,5,3,"stamen structures obvious, but not fully developed"
MD.22.2,5,1,0,0,5,< 3,"stamen structures obvious, but not fully developed"
VT.39.5,1,1,0,0,5,3,"stamen structures obvious, but not fully developed"
VT.39.5,2,1,0,0,5,< 3,"stamen structures obvious, but not fully developed"
VT.39.5,3,1,0,0,5,3,"stamen structures obvious, but not fully developed"
VT.39.5,4,1,0,0,5,3,"stamen structures obvious, but not fully developed"
VT.39.5,5,2,0,0,5,3,"ovary floating in ethanol solution; stamen structures obvious, but not fully developed"
MA.36.2,1,4b,1,1,5,> 3,
MA.36.2,2,4b,1,1,5,3,
MA.36.2,3,4b,1,1,5,3,
MA.36.2,4,4b,1,1,5,> 3,
MA.36.2,5,4b,1,1,5,> 3,
MA.37.1,1,4a,0,0,5,3,"stamen structures obvious, but not fully developed"
MA.37.1,2,4a,0,0,5,3,"stamen structures obvious, but not fully developed"
MA.37.1,3,4a,0,0,5,3,"stamen structures obvious, but not fully developed"
MA.37.1,4,4a,0,0,5,3,"stamen structures obvious, but not fully developed"
MA.37.1,5,4a,0,0,5,< 3,"stamen structures obvious, but not fully developed"
VT.42.1,1,4a,0,0,5,< 3,"stamen structures obvious, but not fully developed"
VT.42.1,2,1,0,0,5,3,"stamen structures obvious, but not fully developed"
VT.42.1,3,1,0,0,5,3,"stamen structures obvious, but not fully developed"
VT.42.1,4,4a,0,0,5,< 3,"stamen structures obvious, but not fully developed"
VT.42.1,5,4a,0,0,5,< 3,"stamen structures obvious, but not fully developed"
MA.38.2,1,1,0,0,5,3,"stamen structures obvious, but not fully developed"
MA.38.2,2,1,0,0,5,3,"stamen structures obvious, but not fully developed"
MA.38.2,3,1,0,0,5,< 3,"stamen structures obvious, but not fully developed"
MA.38.2,4,1,0,0,5,< 3,"stamen structures obvious, but not fully developed"
MA.38.2,5,1,0,0,5,< 3,"stamen structures obvious, but not fully developed"
VT.42.5,1,4a,0,0,5,< 3,"stamen structures obvious, but not fully developed"
VT.42.5,2,4a,0,0,5,< 3,"stamen structures obvious, but not fully developed"
VT.42.5,3,4a,0,0,5,< 3,"stamen structures obvious, but not fully developed"
VT.42.5,4,4a,0,0,5,< 3,"stamen structures obvious, but not fully developed"
VT.42.5,5,4a,0,0,5,3,"stamen structures obvious, but not fully developed"
NY.33.1,1,4a,0,0,5,3,"stamen structures obvious, but not fully developed"
NY.33.1,2,4a,0,0,5,3,"stamen structures obvious, but not fully developed"
NY.33.1,3,4a,0,0,5,< 3,"stamen structures obvious, but not fully developed"
NY.33.1,4,1,0,0,5,3,"stamen structures obvious, but not fully developed"
NY.33.1,5,4a,0,0,5,3,"stamen structures obvious, but not fully developed"
GA.1.1,1,1,0,0,5,3,"stamen structures obvious, but not fully developed"
GA.1.1,2,1,0,0,5,3,"stamen structures obvious, but not fully developed"
GA.1.1,3,4a,0,0,5,3,"stamen structures obvious, but not fully developed"
GA.1.1,4,1,0,0,5,3,"stamen structures obvious, but not fully developed"
GA.1.1,5,1,0,0,5,3,"stamen structures obvious, but not fully developed"
NC.4.3,1,4a,0,0,5,3,"stamen structures obvious, but not fully developed"
NC.4.3,2,4a,0,0,5,3,"stamen structures obvious, but not fully developed"
NC.4.3,3,4a,0,0,5,3,"stamen structures obvious, but not fully developed"
NC.4.3,4,4a,0,0,5,3,"stamen structures obvious, but not fully developed"
NC.4.3,5,4a,0,0,6,3,"stamen structures obvious, but not fully developed"
PA.28.5,1,4c,1,1,5,3,
PA.28.5,2,4c,1,1,5,3,
PA.28.5,3,4c,1,1,5,3,
PA.28.5,4,4b,1,1,5,3,
PA.28.5,5,4c,1,1,5,3,
VA.12.5,1,1,0,0,5,3,"stamen structures obvious, but not fully developed"
VA.12.5,2,4a,0,0,5,3,"stamen structures obvious, but not fully developed"
VA.12.5,3,1,0,0,5,> 3,"stamen structures obvious, but not fully developed"
VA.12.5,4,1,0,0,5,3,"stamen structures obvious, but not fully developed"
VA.12.5,5,4a,0,0,5,3,"stamen structures obvious, but not fully developed"
PA.24.3,1,4c,1,1,5,3,
PA.24.3,2,4b,1,1,5,3,
PA.24.3,3,4b,1,1,5,3,
PA.24.3,4,4c,1,1,5,3,
PA.24.3,5,4b,1,1,5,3,
NJ.29.3,1,4b,1,1,5,3,
NJ.29.3,2,4b,1,1,5,3,
NJ.29.3,3,4c,1,1,5,> 3,
NJ.29.3,4,4b,1,1,5,> 3,
NJ.29.3,5,4c,1,1,5,> 3,
PA.25.3,1,4a,0,0,6,> 3,"stamen structures obvious, but not fully developed; abnormal tepal structures"
PA.25.3,2,4a,0,0,7,3,"stamen structures obvious, but not fully developed"
PA.25.3,3,4a,0,0,6,3,"stamen structures obvious, but not fully developed"
PA.25.3,4,4a,0,0,6,3,"stamen structures obvious, but not fully developed"
PA.25.3,5,4a,0,0,6,3,"stamen structures obvious, but not fully developed"
NH.43.3,1,4a,0,0,5,3,"stamen structures obvious, but not fully developed"
NH.43.3,2,4a,0,0,5,< 3,"stamen structures obvious, but not fully developed"
NH.43.3,3,4a,0,0,5,< 3,"stamen structures obvious, but not fully developed"
NH.43.3,4,4a,0,0,5,< 3,"stamen structures obvious, but not fully developed"
NH.43.3,5,4a,0,0,5,< 3,"stamen structures obvious, but not fully developed"
MA.37.4,1,4a,0,0,5,3,"stamen structures obvious, but not fully developed"
MA.37.4,2,4a,0,0,5,3,"stamen structures obvious, but not fully developed"
MA.37.4,3,4a,0,0,5,< 3,"stamen structures obvious, but not fully developed"
MA.37.4,4,4a,0,0,5,3,"stamen structures obvious, but not fully developed"
MA.37.4,5,1,0,0,5,3,"stamen structures obvious, but not fully developed"
VT.39.3,1,4a,0,0,5,3,"stamen structures obvious, but not fully developed"
VT.39.3,2,4a,0,0,5,3,"stamen structures obvious, but not fully developed"
VT.39.3,3,1,0,0,5,3,"stamen structures obvious, but not fully developed"
VT.39.3,4,4a,0,0,5,< 3,"stamen structures obvious, but not fully developed"
VT.39.3,5,1,0,0,5,> 3,"stamen structures obvious, but not fully developed"
VT.40.4,1,1,0,0,5,3,"stamen structures obvious, but not fully developed"
VT.40.4,2,1,0,0,5,3,"stamen structures obvious, but not fully developed"
VT.40.4,3,1,0,0,5,< 3,"stamen structures obvious, but not fully developed"
VT.40.4,4,1,0,0,5,< 3,"stamen structures obvious, but not fully developed"
VT.40.4,5,1,0,0,5,3,"stamen structures obvious, but not fully developed"
VT.42.2,1,4a,0,0,5,3,"stamen structures obvious, but not fully developed"
VT.42.2,2,1,0,0,5,3,"stamen structures obvious, but not fully developed"
VT.42.2,3,1,0,0,5,3,"stamen structures obvious, but not fully developed"
VT.42.2,4,1,0,0,5,3,"stamen structures obvious, but not fully developed"
VT.42.2,5,1,0,0,5,< 3,"stamen structures obvious, but not fully developed"
VT.39.2,1,4a,0,0,5,< 3,"stamen structures obvious, but not fully developed"
VT.39.2,2,4a,0,0,5,< 3,"stamen structures obvious, but not fully developed"
VT.39.2,3,4a,0,0,5,< 3,"stamen structures obvious, but not fully developed"
VT.39.2,4,4a,0,0,5,< 3,"stamen structures obvious, but not fully developed"
VT.39.2,5,4a,0,0,5,< 3,"stamen structures obvious, but not fully developed"
PA.28.3,1,4b,1,1,5,> 3,
PA.28.3,2,4b,1,1,5,> 3,
PA.28.3,3,4b,1,1,5,3,
PA.28.3,4,4b,1,1,5,> 3,
PA.28.3,5,4b,1,1,5,> 3,
NC.8.5,1,4a,0,0,5,< 3,"stamen structures obvious, but not fully developed"
NC.8.5,2,4a,0,0,5,3,"stamen structures obvious, but not fully developed"
NC.8.5,3,4a,0,0,5,3,"stamen structures obvious, but not fully developed"
NC.8.5,4,1,0,0,5,< 3,"stamen structures obvious, but not fully developed"
NC.8.5,5,4a,0,0,5,< 3,"stamen structures obvious, but not fully developed"
VA.19.5,1,1,0,0,5,3,"stamen structures obvious, but not fully developed"
VA.19.5,2,4a,0,0,5,< 3,"stamen structures obvious, but not fully developed"
VA.19.5,3,4a,0,0,5,3,"stamen structures obvious, but not fully developed"
VA.19.5,4,1,0,0,5,3,"stamen structures obvious, but not fully developed"
VA.19.5,5,4a,0,0,5,3,"stamen structures obvious, but not fully developed"
NC.8.1,1,4a,0,0,5,3,"stamen structures obvious, but not fully developed"
NC.8.1,2,4a,0,0,5,3,"stamen structures obvious, but not fully developed"
NC.8.1,3,4a,0,0,5,3,"stamen structures obvious, but not fully developed"
NC.8.1,4,4a,0,0,5,3,"stamen structures obvious, but not fully developed"
NC.8.1,5,4a,0,0,5,3,"stamen structures obvious, but not fully developed"
PA.28.4,1,4c,1,1,5,> 3,two stamen stunted
PA.28.4,2,4c,1,1,5,> 3,
PA.28.4,3,4b,1,1,5,> 3,
PA.28.4,4,4c,1,1,5,> 3,
PA.28.4,5,4b,1,1,5,> 3,
ME.49.4,1,4a,0,0,5,3,"stamen structures obvious, but not fully developed"
ME.49.4,2,4a,0,0,5,3,"stamen structures obvious, but not fully developed"
ME.49.4,3,4a,0,0,5,3,"stamen structures obvious, but not fully developed"
ME.49.4,4,4a,0,0,5,< 3,"stamen structures obvious, but not fully developed"
ME.49.4,5,4a,0,0,5,< 3,"stamen structures obvious, but not fully developed"
VT.40.5,1,4a,0,0,5,< 3,"stamen structures obvious, but not fully developed"
VT.40.5,2,1,0,0,5,< 3,"stamen structures obvious, but not fully developed"
VT.40.5,3,1,0,0,5,< 3,"stamen structures obvious, but not fully developed"
VT.40.5,4,1,0,0,5,< 3,"stamen structures obvious, but not fully developed"
VT.40.5,5,4a,0,0,5,< 3,"stamen structures obvious, but not fully developed"
VT.41.3,1,4a,0,0,5,< 3,"stamen structures obvious, but not fully developed"
VT.41.3,2,4a,0,0,5,< 3,"stamen structures obvious, but not fully developed"
VT.41.3,3,4a,0,0,5,< 3,"stamen structures obvious, but not fully developed"
VT.41.3,4,4a,0,0,5,< 3,"stamen structures obvious, but not fully developed"
VT.41.3,5,4a,0,0,5,< 3,"stamen structures obvious, but not fully developed"
VT.41.5,1,4a,0,0,5,3,"stamen structures obvious, but not fully developed"
VT.41.5,2,4a,0,0,5,3,"stamen structures obvious, but not fully developed"
VT.41.5,3,4a,0,0,5,< 3,"stamen structures obvious, but not fully developed"
VT.41.5,4,4a,0,0,5,< 3,"stamen structures obvious, but not fully developed"
VA.20.3,1,4a,0,0,5,3,"stamen structures obvious, but not fully developed"
VA.20.3,2,1,0,0,5,3,"stamen structures obvious, but not fully developed"
VA.20.3,3,4a,0,0,5,< 3,"stamen structures obvious, but not fully developed"
VA.20.3,4,4a,0,0,5,< 3,"stamen structures obvious, but not fully developed"
VA.20.3,5,4a,0,0,5,3,"stamen structures obvious, but not fully developed"
MA.38.3,1,1,0,0,5,3,"stamen structures obvious, but not fully developed"
MA.38.3,2,1,0,0,5,< 3,"stamen structures obvious, but not fully developed"
MA.38.3,3,4a,0,0,5,< 3,"stamen structures obvious, but not fully developed"
MA.38.3,4,1,0,0,5,3,"stamen structures obvious, but not fully developed"
MA.38.3,5,1,0,0,5,3,"stamen structures obvious, but not fully developed"
ME.49.2,1,4a,0,0,5,< 3,"stamen structures obvious, but not fully developed"
ME.49.2,2,4a,0,0,5,< 3,"stamen structures obvious, but not fully developed"
ME.49.2,3,4a,0,0,5,3,"stamen structures obvious, but not fully developed"
ME.49.2,4,4a,0,0,5,3,"stamen structures obvious, but not fully developed"
ME.49.2,5,4a,0,0,5,< 3,"stamen structures obvious, but not fully developed"
NY.32.5,1,4b,1,1,5,> 3,
NY.32.5,2,4b,1,1,5,> 3,
NY.32.5,3,4b,1,1,5,> 3,
NY.32.5,4,4b,1,1,5,> 3,
NY.32.5,5,4b,1,0,5,3,
VT.40.3,1,1,0,0,5,3,"stamen structures obvious, but not fully developed"
VT.40.3,2,4a,0,0,5,< 3,"stamen structures obvious, but not fully developed"
VT.40.3,3,1,0,0,5,3,"stamen structures obvious, but not fully developed"
VT.40.3,4,1,0,0,5,3,"stamen structures obvious, but not fully developed"
VT.40.3,5,4a,0,0,5,3,"stamen structures obvious, but not fully developed"
NH.43.4,1,4b,1,1,5,> 3,
NH.43.4,2,4b,1,1,5,> 3,
NH.43.4,3,4b,1,1,5,> 3,
NH.43.4,4,4b,1,1,5,> 3,
NH.43.4,5,4b,1,1,5,> 3,
NH.43.4,6,4b,1,1,5,3,
NH.43.4,7,4b,1,1,5,3,
ME.46.4,1,4a,0,0,5,3,"stamen structures obvious, but not fully developed"
ME.46.4,2,4a,0,0,5,3,"stamen structures obvious, but not fully developed"
ME.46.4,3,4a,0,0,5,3,"stamen structures obvious, but not fully developed"
ME.46.4,4,4a,0,0,5,< 3,"stamen structures obvious, but not fully developed"
ME.46.4,5,4a,0,0,5,< 3,"stamen structures obvious, but not fully developed"
ME.47.4,1,4a,0,0,5,3,"stamen structures obvious, but not fully developed"
ME.47.4,2,4a,0,0,5,< 3,"stamen structures obvious, but not fully developed"
ME.47.4,3,4a,0,0,5,< 3,"stamen structures obvious, but not fully developed"
ME.47.4,4,4a,0,0,5,3,"stamen structures obvious, but not fully developed"
ME.47.4,5,4a,0,0,5,3,"stamen structures obvious, but not fully developed"
ME.50.4,1,4a,0,0,5,3,"stamen structures obvious, but not fully developed"
ME.50.4,2,4a,0,0,5,3,"stamen structures obvious, but not fully developed"
ME.50.4,3,4a,0,0,5,3,"stamen structures obvious, but not fully developed"
ME.50.4,4,4a,0,0,5,3,"stamen structures obvious, but not fully developed"
ME.50.4,5,4a,0,0,5,3,"stamen structures obvious, but not fully developed"
VT.42.3,1,4a,0,0,5,3,"stamen structures obvious, but not fully developed"
VT.42.3,2,4a,0,0,5,3,"stamen structures obvious, but not fully developed"
VT.42.3,3,4a,0,0,5,< 3,"stamen structures obvious, but not fully developed"
VT.42.3,4,1,0,0,5,3,"stamen structures obvious, but not fully developed"
VT.42.3,5,4a,0,0,5,< 3,"stamen structures obvious, but not fully developed"
VT.42.4,1,4a,0,0,5,3,"stamen structures obvious, but not fully developed"
VT.42.4,2,1,0,0,5,3,"stamen structures obvious, but not fully developed"
VT.42.4,3,1,0,0,5,3,"stamen structures obvious, but not fully developed"
VT.42.4,4,1,0,0,5,3,"stamen structures obvious, but not fully developed"
VT.42.4,5,1,0,0,5,3,"stamen structures obvious, but not fully developed"
NH.44.4,1,4a,0,0,5,3,"stamen structures obvious, but not fully developed"
NH.44.4,2,4a,0,0,5,< 3,"stamen structures obvious, but not fully developed"
NH.44.4,3,4a,0,0,5,< 3,"stamen structures obvious, but not fully developed"
NH.44.4,4,4a,0,0,5,< 3,"stamen structures obvious, but not fully developed"
NH.44.4,5,4a,0,0,5,< 3,"stamen structures obvious, but not fully developed"
VA.20.1,1,1,0,0,5,3,"stamen structures obvious, but not fully developed"
VA.20.1,2,4a,0,0,5,< 3,"stamen structures obvious, but not fully developed"
VA.20.1,3,4a,0,0,5,< 3,"stamen structures obvious, but not fully developed"
VA.20.1,4,4a,0,0,5,3,"stamen structures obvious, but not fully developed"
VA.20.1,5,4a,0,0,5,< 3,"stamen structures obvious, but not fully developed"
NH.44.1,1,4a,0,0,4,< 3,"stamen structures obvious, but not fully developed"
NH.44.1,2,4a,0,0,5,3,"stamen structures obvious, but not fully developed"
NH.44.1,3,4a,0,0,5,3,"stamen structures obvious, but not fully developed"
NH.44.1,4,1,0,0,5,3,"stamen structures obvious, but not fully developed"
NH.44.1,5,4a,0,0,5,< 3,"stamen structures obvious, but not fully developed"
PA.28.1,1,4c,1,1,5,> 3,
PA.28.1,2,4b,1,1,5,3,
PA.28.1,3,4c,1,1,5,> 3,
PA.28.1,4,4b,1,1,5,> 3,
PA.28.1,5,4b,1,1,5,> 3,
PA.27.5,1,4b,1,1,5,> 3,
PA.27.5,2,4c,1,1,5,3,
PA.27.5,3,4b,1,1,5,> 3,
PA.27.5,4,4b,1,1,5,3,
PA.27.5,5,4b,1,1,5,> 3,
PA.27.4,1,4b,1,1,5,> 3,
PA.27.4,2,4b,1,1,5,> 3,
PA.27.4,3,4b,1,1,5,> 3,
PA.27.4,4,4b,1,1,5,3,
PA.27.4,5,4b,1,1,5,> 3,
VA.18.5,1,1,0,0,5,< 3,"stamen structures obvious, but not fully developed"
VA.18.5,2,4a,0,0,5,3,"stamen structures obvious, but not fully developed"
VA.18.5,3,4a,0,0,5,< 3,"stamen structures obvious, but not fully developed"
VA.18.5,4,1,0,0,5,3,"stamen structures obvious, but not fully developed"
VA.18.5,5,4a,0,0,5,3,"stamen structures obvious, but not fully developed"
VA.17.5,1,4b,1,1,5,> 3,
VA.17.5,2,4b,1,1,5,> 3,
VA.17.5,3,4b,1,1,5,> 3,
VA.17.5,4,4b,1,1,3,> 3,two tepals broken and floating in the ethanol solution
VA.17.5,5,4b,1,1,5,> 3,
MA.37.2,1,4a,0,0,5,< 3,"stamen structures obvious, but not fully developed"
MA.37.2,2,4a,0,0,5,3,"stamen structures obvious, but not fully developed"
MA.37.2,3,4a,0,0,5,3,"stamen structures obvious, but not fully developed"
MA.37.2,4,4a,0,0,5,3,"stamen structures obvious, but not fully developed"
MA.37.2,5,1,0,0,5,3,"stamen structures obvious, but not fully developed"
MA.37.2,6,1,0,0,5,3,"stamen structures obvious, but not fully developed"
NH.44.2,1,4a,0,0,5,3,"stamen structures obvious, but not fully developed"
NH.44.2,2,4a,0,0,5,< 3,"stamen structures obvious, but not fully developed"
NH.44.2,3,4a,0,0,5,< 3,"stamen structures obvious, but not fully developed"
NH.44.2,4,4a,0,0,5,< 3,"stamen structures obvious, but not fully developed"
NH.44.2,5,4a,0,0,5,< 3,"stamen structures obvious, but not fully developed"
PA.23.4,1,4b,1,1,5,> 3,
PA.23.4,2,4b,1,1,5,3,
PA.23.4,3,4b,1,1,5,> 3,
PA.23.4,4,4b,1,1,5,> 3,
PA.23.4,5,4b,1,1,5,> 3,
VT.39.1,1,4a,0,0,5,< 3,"stamen structures obvious, but not fully developed"
VT.39.1,2,4a,0,0,5,< 3,"stamen structures obvious, but not fully developed"
VT.39.1,3,4a,0,0,5,< 3,"stamen structures obvious, but not fully developed"
VT.39.1,4,4a,0,0,5,< 3,"stamen structures obvious, but not fully developed"
VT.39.1,5,1,0,0,5,3,"stamen structures obvious, but not fully developed"
ME.46.1,1,4a,0,0,5,< 3,"stamen structures obvious, but not fully developed"
ME.46.1,2,4a,0,0,5,3,"stamen structures obvious, but not fully developed"
ME.46.1,3,4a,0,0,5,3,"stamen structures obvious, but not fully developed"
ME.46.1,4,4a,0,0,5,3,"stamen structures obvious, but not fully developed"
ME.46.1,5,4a,0,0,5,< 3,"stamen structures obvious, but not fully developed"
MA.38.4,1,4a,0,0,5,< 3,"stamen structures obvious, but not fully developed"
MA.38.4,2,1,0,0,5,< 3,"stamen structures obvious, but not fully developed"
MA.38.4,3,4a,0,0,5,< 3,"stamen structures obvious, but not fully developed"
MA.38.4,4,1,0,0,5,3,"stamen structures obvious, but not fully developed"
MA.38.4,5,4a,0,0,5,< 3,"stamen structures obvious, but not fully developed"
VA.13.1,1,1,0,0,5,3,"stamen structures obvious, but not fully developed"
VA.13.1,2,1,0,0,5,< 3,"stamen structures obvious, but not fully developed"
VA.13.1,3,1,0,0,5,< 3,"stamen structures obvious, but not fully developed"
VA.13.1,4,1,0,0,5,< 3,"stamen structures obvious, but not fully developed"
VA.13.1,5,1,0,0,5,< 3,"stamen structures obvious, but not fully developed"
VA.13.3A,1,4a,0,0,5,3,"stamen structures obvious, but not fully developed"
VA.13.3A,2,4a,0,0,5,< 3,"stamen structures obvious, but not fully developed"
VA.13.3A,3,4a,0,0,5,3,"stamen structures obvious, but not fully developed"
VA.13.3A,4,4a,0,0,5,< 3,"stamen structures obvious, but not fully developed"
VA.10.4,1,1,0,0,5,3,"stamen structures obvious, but not fully developed"
VA.10.4,2,1,0,0,5,3,"stamen structures obvious, but not fully developed"
VA.10.4,3,1,0,0,5,3,"stamen structures obvious, but not fully developed"
VA.10.4,4,1,0,0,5,3,"stamen structures obvious, but not fully developed"
VA.10.4,5,1,0,0,5,3,"stamen structures obvious, but not fully developed"
VA.13.2,1,1,0,0,5,3,"stamen structures obvious, but not fully developed"
VA.13.2,2,1,0,0,5,3,"stamen structures obvious, but not fully developed"
VA.13.2,3,1,0,0,5,3,"stamen structures obvious, but not fully developed"
VA.13.2,4,1,0,0,5,3,"stamen structures obvious, but not fully developed"
VA.13.2,5,1,0,0,5,3,"stamen structures obvious, but not fully developed"
MD.21.4,1,4a,0,0,5,3,"stamen structures obvious, but not fully developed"
MD.21.4,2,4a,0,0,5,3,"stamen structures obvious, but not fully developed"
MD.21.4,3,4a,0,0,5,3,"stamen structures obvious, but not fully developed"
MD.21.4,4,4a,0,0,5,3,"stamen structures obvious, but not fully developed"
MD.21.4,5,4a,0,0,5,3,"stamen structures obvious, but not fully developed"
VA.19.3,1,1,0,0,5,3,"stamen structures obvious, but not fully developed"
VA.19.3,2,1,0,0,5,3,"stamen structures obvious, but not fully developed"
VA.19.3,3,1,0,0,5,3,"stamen structures obvious, but not fully developed"
VA.19.3,4,1,0,0,5,< 3 ,"stamen structures obvious, but not fully developed"
VA.19.3,5,1,0,0,5,< 3,"stamen structures obvious, but not fully developed"
MD.21.3,1,4a,0,0,5,3,"stamen structures obvious, but not fully developed"
MD.21.3,2,4a,0,0,5,3,"stamen structures obvious, but not fully developed"
MD.21.3,3,4a,0,0,5,> 3,"stamen structures obvious, but not fully developed"
MD.21.3,4,4a,0,0,5,3,"stamen structures obvious, but not fully developed"
MD.21.3,5,4a,0,0,5,3,"stamen structures obvious, but not fully developed; abnormal growth - almost as if another flower is growing"
MD.21.3,6,4a,0,0,4,3,"stamen structures obvious, but not fully developed; abnormal growth - almost as if another flower is growing in place of the missing tepal"
VA.19.4,1,4a,0,0,5,3,"stamen structures obvious, but not fully developed"
VA.19.4,2,1,0,0,5,3,"stamen structures obvious, but not fully developed"
VA.19.4,3,1,0,0,5,3,"stamen structures obvious, but not fully developed"
VA.19.4,4,1,0,0,5,< 3,"stamen structures obvious, but not fully developed"
VA.17.2,1,4b ,1,0,5,4,
VA.17.2,2,4b ,1,1,5,4,
VA.17.2,3,4b ,1,1,5,4,
VA.17.2,4,4b ,1,1,5,4,
VA.17.2,5,4b ,1,1,5,4,
VA.18.4,1,4a,0,0,5,3,"stamen structures obvious, but not fully developed"
VA.18.4,2,4a,0,0,5,3,"stamen structures obvious, but not fully developed"
VA.18.4,3,4a,0,0,5,3,"stamen structures obvious, but not fully developed"
VA.18.4,4,4a,0,0,5,< 3,"stamen structures obvious, but not fully developed"
VA.18.4,5,4a,0,0,5,< 3,"stamen structures obvious, but not fully developed"
VA.17.3,1,4b ,1,1,5,4,
VA.17.3,2,4b ,1,1,5,4,
VA.17.3,3,4b ,1,1,5,4,
VA.17.3,4,4b,1,1,5,4,
VA.17.3,5,4b ,1,1,5,4,
VA.18.2,1,1,0,0,5,3,"stamen structures obvious, but not fully developed"
VA.18.2,2,1,0,0,5,< 3,"stamen structures obvious, but not fully developed"
VA.18.2,3,1,0,0,5,< 3,"stamen structures obvious, but not fully developed"
VA.18.2,4,1,0,0,5,3,"stamen structures obvious, but not fully developed"
VA.18.2,5,1,0,0,4,3,"stamen structures obvious, but not fully developed; one tepal broken and floating in ethanol"
MA.37.3,1,4a,0,0,5,3,"stamen structures obvious, but not fully developed"
MA.37.3,2,1,0,0,5,3,"stamen structures obvious, but not fully developed"
MA.37.3,3,4a,0,0,5,3,"stamen structures obvious, but not fully developed"
MA.37.3,4,4a,0,0,5,3,"stamen structures obvious, but not fully developed"
MA.37.3,5,1,0,0,5,3,"stamen structures obvious, but not fully developed"
VA.17.1,1,4b ,1,1,5,4,
VA.17.1,2,4b ,1,1,5,4,
VA.17.1,3,4b ,1,1,5,4,
VA.17.1,4,4b ,1,1,5,4,
VA.17.1,5,4b ,1,1,5,4,
VA.22.5,1,1,0,0,5,< 3,"stamen structures obvious, but not fully developed"
VA.22.5,2,4a,0,0,5,< 3,"stamen structures obvious, but not fully developed"
VA.22.5,3,1,0,0,5,< 3,"stamen structures obvious, but not fully developed"
VA.22.5,4,1,0,0,5,3,"stamen structures obvious, but not fully developed"
VA.22.5,5,4a,0,0,5,< 3,"stamen structures obvious, but not fully developed"
PA.27.2,1,4b ,1,1,5,> 3,
PA.27.2,2,4b ,1,1,5,> 3,
PA.27.2,3,4b ,1,1,5,> 3,
PA.27.2,4,4b ,1,1,5,> 3,
PA.27.2,5,4b ,1,1,5,> 3,
VA.17.4,1,4b,1,1,5,> 3,
VA.17.4,2,4b ,1,1,5,> 3,
VA.17.4,3,4b ,1,1,5,> 3,
VA.17.4,4,4b ,1,1,5,> 3,
VA.17.4,5,4b ,1,1,5,> 3,
VA.13.4,1,4a,0,0,5,3,"stamen structures obvious, but not fully developed"
VA.13.4,2,4a,0,0,5,< 3,"stamen structures obvious, but not fully developed"
VA.13.4,3,4a,0,0,5,3,"stamen structures obvious, but not fully developed"
VA.13.4,4,4a,0,0,5,3,"stamen structures obvious, but not fully developed"
VA.13.4,5,4a,0,0,5,3,"stamen structures obvious, but not fully developed"
MD.22.1,1,1,0,0,5,3,"stamen structures obvious, but not fully developed"
MD.22.1,2,1,0,0,5,< 3,"stamen structures obvious, but not fully developed"
MD.22.1,3,1,0,0,5,3,"stamen structures obvious, but not fully developed"
MD.22.1,4,1,0,0,5,3,"stamen structures obvious, but not fully developed"
MD.22.1,5,1,0,0,5,< 3,"stamen structures obvious, but not fully developed"
VA.10.2,1,1,0,0,5,3,"stamen structures obvious, but not fully developed"
VA.10.2,2,4a,0,0,5,3,"stamen structures obvious, but not fully developed"
VA.10.2,3,1,0,0,5,< 3,"stamen structures obvious, but not fully developed; ovary is very large and developed"
VA.10.2,4,4a,0,0,5,3,"stamen structures obvious, but not fully developed"
VA.10.2,5,4a,0,0,5,3,"stamen structures obvious, but not fully developed"
VA.10.2,6,1,0,0,5,< 3,"stamen structures obvious, but not fully developed"
ME.49.3,1,4a,0,0,5,3,"stamen structures obvious, but not fully developed"
ME.49.3,2,4a,0,0,5,< 3,"stamen structures obvious, but not fully developed"
ME.49.3,3,4a,0,0,5,3,"stamen structures obvious, but not fully developed"
ME.49.3,4,1,0,0,5,3,"stamen structures obvious, but not fully developed"
ME.49.3,5,4a,0,0,5,3,"stamen structures obvious, but not fully developed"
NC.7.5,1,4c,1,1,5,4,
NC.7.5,2,4c,1,1,5,4,
NC.7.5,3,4c,1,1,5,4,
NC.7.5,4,4c,1,1,5,4,
NC.7.5,5,4c,1,1,5,4,
NC.8.4,1,4a,0,0,5,3,"stamen structures obvious, but not fully developed"
NC.8.4,2,1,0,0,5,3,"stamen structures obvious, but not fully developed"
NC.8.4,3,1,0,0,5,3,"stamen structures obvious, but not fully developed"
NC.8.4,4,1,0,0,5,3,"stamen structures obvious, but not fully developed"
NC.8.4,5,1,0,0,5,3,"stamen structures obvious, but not fully developed"
NY.33.5,1,1,0,0,5,3,"stamen structures obvious, but not fully developed"
NY.33.5,2,1,0,0,5,3,"stamen structures obvious, but not fully developed"
NY.33.5,3,1,0,0,5,3,"stamen structures obvious, but not fully developed"
NY.33.5,4,1,0,0,5,< 3,"stamen structures obvious, but not fully developed"
NY.33.5,5,1,0,0,5,3,"stamen structures obvious, but not fully developed"
NY.33.5,6,4a,0,0,5,< 3,"stamen structures obvious, but not fully developed"
NC.9.3,1,1,0,0,5,< 3,"stamen structures obvious, but not fully developed"
NC.9.3,2,1,0,0,5,3,"stamen structures obvious, but not fully developed"
NC.9.3,3,1,0,0,5,3,"stamen structures obvious, but not fully developed"
NC.9.3,4,1,0,0,5,3,"stamen structures obvious, but not fully developed"
NC.9.3,5,1,0,0,5,< 3,"stamen structures obvious, but not fully developed"
MD.22.4,1,1,0,0,5,3,"stamen structures obvious, but not fully developed"
MD.22.4,2,4a,0,0,5,3,"stamen structures obvious, but not fully developed"
MD.22.4,3,4a,0,0,5,> 3,"stamen structures obvious, but not fully developed"
MD.22.4,4,4a,0,0,5,3,"stamen structures obvious, but not fully developed"
MD.22.4,5,4a,0,0,5,3,"stamen structures obvious, but not fully developed"
PA.23.5,1,4b,1,1,5,4,
PA.23.5,2,4b,1,1,5,4,
PA.23.5,3,4b,1,1,5,4,
PA.23.5,4,4b,1,1,5,3,
PA.23.5,5,4b,1,1,5,3,
NJ.31.2,1,4a,0,0,5,< 3,"stamen structures obvious, but not fully developed"
NJ.31.2,2,4a,0,0,5,< 3,"stamen structures obvious, but not fully developed"
NJ.31.2,3,4a,0,0,5,< 3,"stamen structures obvious, but not fully developed"
NJ.31.2,4,4a,0,0,5,3,"stamen structures obvious, but not fully developed"
NJ.31.2,5,4a,0,0,5,3,"stamen structures obvious, but not fully developed"
NY.33.3,1,4a,0,0,5,< 3,"stamen structures obvious, but not fully developed"
NY.33.3,2,4a,0,0,5,< 3,"stamen structures obvious, but not fully developed"
NY.33.3,3,4a,0,0,5,3,"stamen structures obvious, but not fully developed"
NY.33.3,4,4a,0,0,5,3,"stamen structures obvious, but not fully developed"
NY.33.3,5,4a,0,0,5,< 3,"stamen structures obvious, but not fully developed"
NC.5.4,1,4a,0,0,5,3,"stamen structures obvious, but not fully developed"
NC.5.4,2,4a,0,0,5,3,"stamen structures obvious, but not fully developed"
NC.5.4,3,4a,0,0,5,3,"stamen structures obvious, but not fully developed"
NC.5.4,4,4a,0,0,5,3,"stamen structures obvious, but not fully developed"
NC.5.4,5,4a,0,0,5,< 3,"stamen structures obvious, but not fully developed"
NC.7.4,1,4b,1,1,5,4,
NC.7.4,2,4b,1,1,5,4,
NC.7.4,3,4b,1,1,5,> 3,
NC.7.4,4,4b,1,1,5,> 3,
NC.7.4,5,4b,1,1,5,> 3,
NC.6.3,1,1,0,0,5,3,"stamen structures obvious, but not fully developed"
NC.6.3,2,1,0,0,5,3,"stamen structures obvious, but not fully developed"
NC.6.3,3,1,0,0,5,3,"stamen structures obvious, but not fully developed"
NC.6.3,4,1,0,0,5,3,"stamen structures obvious, but not fully developed"
NC.6.3,5,1,0,0,5,3,"stamen structures obvious, but not fully developed"
VA.13.3B,1,4a,0,0,5,3,"stamen structures obvious, but not fully developed"
VA.13.3B,2,4a,0,0,5,< 3,"stamen structures obvious, but not fully developed"
VA.13.3B,3,4a,0,0,5,> 3,"stamen structures obvious, but not fully developed"
VA.13.3B,4,4a,0,0,5,> 3,"stamen structures obvious, but not fully developed"
VA.13.3B,5,4a,0,0,5,> 3,"stamen structures obvious, but not fully developed"
NC.7.2,1,4b,1,1,5,4,
NC.7.2,2,4b,1,1,5,> 3,
NC.7.2,3,4b,1,1,5,> 3,
NC.7.2,4,4b,1,1,5,> 3,
NC.7.2,5,4b,1,1,5,> 3,
NC.7.2,6,4b,1,1,5,> 3,
VA.13.5,1,4a,0,0,5,3,"stamen structures obvious, but not fully developed"
VA.13.5,2,4a,0,0,5,3,"stamen structures obvious, but not fully developed"
VA.13.5,3,1,0,0,5,3,"stamen structures obvious, but not fully developed"
VA.13.5,4,4a,0,0,5,3,"stamen structures obvious, but not fully developed"
VA.13.5,5,1,0,0,5,3,"stamen structures obvious, but not fully developed"
VA.10.1,1,4a,0,0,5,3,"stamen structures obvious, but not fully developed"
VA.10.1,2,4a,0,0,5,3,"stamen structures obvious, but not fully developed"
VA.10.1,3,4a,0,0,5,< 3,"stamen structures obvious, but not fully developed"
VA.10.1,4,4a,0,0,5,3,"stamen structures obvious, but not fully developed"
VA.10.1,5,4a,0,0,5,3,"stamen structures obvious, but not fully developed"
VA.10.5,1,1,0,0,5,< 3,"stamen structures obvious, but not fully developed"
VA.10.5,2,1,0,0,5,< 3,"stamen structures obvious, but not fully developed"
VA.10.5,3,1,0,0,5,3,"stamen structures obvious, but not fully developed"
VA.10.5,4,1,0,0,5,3,"stamen structures obvious, but not fully developed"
VA.10.5,5,1,0,0,5,3,"stamen structures obvious, but not fully developed"
VA.18.1,1,1,0,0,5,3,"stamen structures obvious, but not fully developed"
VA.18.1,2,1,0,0,5,3,"stamen structures obvious, but not fully developed"
VA.18.1,3,1,0,0,5,3,"stamen structures obvious, but not fully developed"
VA.18.1,4,1,0,0,5,3,"stamen structures obvious, but not fully developed"
VA.18.1,5,1,0,0,5,3,"stamen structures obvious, but not fully developed"
ME.46.3,1,1,0,0,5,3,"stamen structures obvious, but not fully developed"
ME.46.3,2,1,0,0,5,3,"stamen structures obvious, but not fully developed"
ME.46.3,3,1,0,0,5,3,"stamen structures obvious, but not fully developed"
ME.46.3,4,1,0,0,5,3,"stamen structures obvious, but not fully developed"
ME.46.3,5,1,0,0,5,3,"stamen structures obvious, but not fully developed"
ME.45.5,1,1,0,0,5,3,"stamen structures obvious, but not fully developed"
ME.45.5,2,4a,0,0,5,< 3,"stamen structures obvious, but not fully developed"
ME.45.5,3,4a,0,0,5,3,"stamen structures obvious, but not fully developed"
ME.45.5,4,1,0,0,5,3,"stamen structures obvious, but not fully developed"
ME.45.5,5,4a,0,0,5,3,"stamen structures obvious, but not fully developed"
ME.46.2,1,1,0,0,5,< 3,"stamen structures obvious, but not fully developed"
ME.46.2,2,1,0,0,5,3,"stamen structures obvious, but not fully developed; very developed ovary; picture taken"
ME.46.2,3,1,0,0,5,3,"stamen structures obvious, but not fully developed"
ME.46.2,4,2,0,0,5,3,"stamen structures obvious, but not fully developed; broken ovary floating in ethanol solution"
ME.46.2,5,1,0,0,5,3,"stamen structures obvious, but not fully developed"
NY.35.1,1,4b,0,0,5,> 3,
NY.35.1,2,4c,0,0,5,> 3,
NY.35.1,3,4b,0,0,5,> 3,
NY.35.1,4,4b,0,0,5,> 3,
NY.35.1,5,4b,0,0,5,> 3,
VA.20.2,1,4a,0,0,5,3,"stamen structures obvious, but not fully developed"
VA.20.2,2,4a,0,0,5,3,"stamen structures obvious, but not fully developed"
VA.20.2,3,4a,0,0,5,3,"stamen structures obvious, but not fully developed"
VA.20.2,4,4a,0,0,5,3,"stamen structures obvious, but not fully developed"
VA.20.2,5,4a,0,0,5,3,"stamen structures obvious, but not fully developed"
NY.34.5,1,4a,0,0,5,3,"stamen structures obvious, but not fully developed"
NY.34.5,2,4a,0,0,5,3,"stamen structures obvious, but not fully developed"
NY.34.5,3,4a,0,0,5,3,"stamen structures obvious, but not fully developed"
NY.34.5,4,4a,0,0,5,< 3,"stamen structures obvious, but not fully developed"
NY.34.5,5,1,0,0,5,3,"stamen structures obvious, but not fully developed"
NC.6.1,1,4a,0,0,5,< 3,"stamen structures obvious, but not fully developed"
NC.6.1,2,4a,0,0,5,3,"stamen structures obvious, but not fully developed"
NC.6.1,3,4a,0,0,5,3,"stamen structures obvious, but not fully developed"
NC.6.1,4,4a,0,0,5,3,"stamen structures obvious, but not fully developed"
NC.6.1,5,4a,0,0,5,< 3,"stamen structures obvious, but not fully developed"
NC.6.5,1,4a,0,0,5,3,"stamen structures obvious, but not fully developed"
NC.6.5,2,4a,0,0,5,< 3,"stamen structures obvious, but not fully developed"
NC.6.5,3,4a,0,0,5,< 3,"stamen structures obvious, but not fully developed"
NC.6.5,4,4a,0,0,5,3,"stamen structures obvious, but not fully developed"
NC.6.5,5,4a,0,0,5,3,"stamen structures obvious, but not fully developed"
NC.4.2,1,1,0,0,5,3,"stamen structures obvious, but not fully developed"
NC.4.2,2,1,0,0,5,3,"stamen structures obvious, but not fully developed"
NC.4.2,3,1,0,0,5,3,"stamen structures obvious, but not fully developed"
NC.4.2,4,1,0,0,5,3,"stamen structures obvious, but not fully developed"
NC.4.2,5,1,0,0,5,3,"stamen structures obvious, but not fully developed"
GA.1.3,1,1,0,0,5,< 3,"stamen structures obvious, but not fully developed"
GA.1.3,2,1,0,0,5,3,"stamen structures obvious, but not fully developed"
GA.1.3,3,1,0,0,5,3,"stamen structures obvious, but not fully developed"
GA.1.3,4,1,0,0,5,3,"stamen structures obvious, but not fully developed"
GA.1.3,5,1,0,0,5,3,"stamen structures obvious, but not fully developed"
NC.4.4,1,1,0,0,5,3,"stamen structures obvious, but not fully developed"
NC.4.4,2,1,0,0,5,3,"stamen structures obvious, but not fully developed"
NC.4.4,3,1,0,0,5,3,"stamen structures obvious, but not fully developed"
NC.4.4,4,1,0,0,5,3,"stamen structures obvious, but not fully developed"
NC.4.4,5,1,0,0,5,< 3,"stamen structures obvious, but not fully developed"
NC.5.5,1,4a,0,0,5,< 3,"stamen structures obvious, but not fully developed"
NC.5.5,2,4a,0,0,5,3,"stamen structures obvious, but not fully developed"
NC.5.5,3,4a,0,0,5,3,"stamen structures obvious, but not fully developed"
NC.5.5,4,4a,0,0,5,< 3,"stamen structures obvious, but not fully developed"
NC.5.5,5,4a,0,0,5,3,"stamen structures obvious, but not fully developed"
NC.7.1,1,1,0,0,5,3,"stamen structures obvious, but not fully developed"
NC.7.1,2,1,0,0,5,3,"stamen structures obvious, but not fully developed"
NC.7.1,3,1,0,0,5,< 3,"stamen structures obvious, but not fully developed"
NC.7.1,4,1,0,0,5,< 3,"stamen structures obvious, but not fully developed"
NC.7.1,5,1,0,0,5,3,"stamen structures obvious, but not fully developed"
NJ.29.5,1,4b,1,1,5,3,
NJ.29.5,2,4b,1,1,5,> 3,
NJ.29.5,3,4b,1,1,5,> 3,
NJ.29.5,4,4b,1,1,5,> 3,
NJ.29.5,5,4b,1,0,5,> 3,anthers floating in ethanol solution
NY.34.3,1,4a,0,0,5,3,"stamen structures obvious, but not fully developed"
NY.34.3,2,4a,0,0,5,3,"stamen structures obvious, but not fully developed"
NY.34.3,3,4a,0,0,5,< 3,"stamen structures obvious, but not fully developed"
NY.34.3,4,4a,0,0,5,< 3,"stamen structures obvious, but not fully developed"
NY.34.3,5,4a,0,0,5,< 3,"stamen structures obvious, but not fully developed"
NH.43.5,1,4a,0,0,5,3,"stamen structures obvious, but not fully developed"
NH.43.5,2,4a,0,0,5,< 3,"stamen structures obvious, but not fully developed"
NH.43.5,3,1,0,0,5,3,"stamen structures obvious, but not fully developed"
NH.43.5,4,1,0,0,5,3,"stamen structures obvious, but not fully developed"
NH.43.5,5,4a,0,0,5,< 3,"stamen structures obvious, but not fully developed"
NH.44.5,1,4a,0,0,5,< 3,"stamen structures obvious, but not fully developed"
NH.44.5,2,4a,0,0,5,< 3,"stamen structures obvious, but not fully developed"
NH.44.5,3,4a,0,0,5,3,"stamen structures obvious, but not fully developed"
NH.44.5,4,4a,0,0,5,< 3,"stamen structures obvious, but not fully developed"
NH.44.5,5,4a,0,0,5,3,"stamen structures obvious, but not fully developed"
VA.19.1,1,1,0,0,5,3,"stamen structures obvious, but not fully developed"
VA.19.1,2,1,0,0,5,3,"stamen structures obvious, but not fully developed"
VA.19.1,3,1,0,0,5,3,"stamen structures obvious, but not fully developed"
VA.19.1,4,1,0,0,5,3,"stamen structures obvious, but not fully developed"
VA.19.1,5,1,0,0,5,3,"stamen structures obvious, but not fully developed"